GamerTag,Sponsor,Pronouns,Twitter
Alabama Syrox,,,Smashfoxgod
LoyalKing,Agent | FW,,
macanacho,,he/him,
jaB-air,,,
CrimsonShadows,InC,He/Him,CrimsonShadows
Waltz,EXE,,Waltz_EXE
DrawingDudeLen.,,He/Him,DrawingDudeLen
WASTE,Ego/IES,,WASTEssbu
Bronze,,Any,
buddyboom,,,
Buandon,SPZ,He/Him,BUANDON
Zorro,,,Zorro_ssb
tatan,,He/Him,leijacreative
Absentminded,,They/Them,
MoogiDoo,,He/Him,
Faby,,,FabianLongoria
Boopy,,,
BigWhelp,Ego,,big_whelp
stubZ,,He/They,Trinadoclock
Naomi,TC,,SlayomiTipton
zIP,CTX,,zIPbutRIP
Squatch,,,
Vanguard,CUP,,Mayhem_Vanguard
Iswrit,TEC,,
TT,,,
Lost,,she/her,
Manuel,,,mdahddy
The Leaf,ETF,,
Umbr,SEB,He/Him,Umbr_SSBM
Zhea,,,
Pi2z,,,namtab6324
Christos,CM,,runningshining
butterdog6,,,yoDuap
Palpa,ETF,,
Hammer,KM,She/Her,KingMakerHammer
DKLAP,NMK,,dklapinyobih
Kaen,Agent,He/Him,kaen_33
Cornflower,,she/her,xcornflowerx
JohnE,,,
silly.,,,sillydotmp4
Brozo,,,
Coffee,,,stinkyyrat
Lilman,,,dude_named_leon
Fleskore,GRAM,They/Them,Fleskore
Ballóòn,,,balloon_splt
Shadow_FoxXD,,,
HKay,,,
Atomic,,,AtomicCoookie
Saiyan,UA,,AidantheSaiyan
Slug#9686,,,ServentSeaSlug
Ego Check,,,
QuagmireToiletGaming45,,he/him,MC_Galvy
BC,,He/him,villagerBC
Chris,WBN,,
Dantheman,,He/Him,TheHappyInkling
Chives,,He/Him,Chives_OnMute
Jade,CT,She/Her,JadeSSBM
Fives,,,Fivestheguy
LB | Socks,,,DionSocks
Lamb,,,ssbmLamb
Cpt. Euro,,He/him,LiquidxHonda
AlyJ,,,
JS Diamond,,She/Her,
JS Angelic,,,WarsAngelic
7inches,PSG,,fizzle0112
dogboyskull,,he/him,
Resanance,XO,,Resanance64
Marq,JS,,
lolyoshi,DoublesPlayer,,lolyoshi9
Epic kalito,,,KalitoKat
Red452,Karp |,,Danny_Rodri123
Sparg1,OMWTFYB,,uriel86019966
Saucy Phox,DUST | C107,He/Him,Saucy_Phox
Wally West,,,
Nato,JS,,
Dark,TC,,Dark_SSBU
Fang,,,
SquireLynx,KRU,He/Him,SquireLynx
Shoe,,She/Her,Shoe245
Xan,Xan,,Xanaire
LightRiser,,,light_riser
LIL DJ 25,,,LIL_DJ_25x2
Logo,BD,,LogoSaysStuff
Baha_Blast,,He/They,Mori_Tetras
TopcoatAsphalt,,,
ThrowKage,,,
falco,,He/Him,falcoflyer11
WeatherGOD,him.,,
S_Magike905,,,
Øbscure,,,0bscureSmile
Milk,,,
p1ncher,,,
Delta,,,StreamDelta
Dio,,He/Him,DioSpl
Popgun,,He/Him,Mr_Popgun
Erito,,,
Wychii#1939,IKA EMPIRE,,
MsPopgun,,She/Her,MsPopgun
Bocian,,,
Devvy,,She/Her,DevvyDoovy
Scepidilionz,A.,They/Them,
Secant,A.,He/They,Secant_Splats
clang,,,c_langgg
Marsh,,He/Him,Marsh0228
Sae,,,SaeSSB
IsEthan_,ConnorESports,Any Pronouns,
del,,,delgoeshiss
mothman,,he/him,mothman_SP
zonink,,he/him,
Piko,,,
Zie,,,Zie_SSB
Degenerate,Ban,,Cr1ngy_b0i
Saberkun~,KM,,SaberTigreKyle
adrian,,,adrian_sqr
Shaggy,,,
IX,PL,He/him,IXBlunderbuss
RedRobotCake,,She/They,
Specs,UT,he/him,
Joryan,,,Joryan51
Bert The Dragon,SE,,bert_dragon
Chef,GURG,,ChefSaifff
nimble,,,n1mblejack
Duke,,He/Him,Duke_G3
Kanan,,,KananDreamer65
petebr0,DENIM CLUB,he/him,anamanaguchi
Fusion,,They/Them,
sapphireia,,,
Temmeh,,,
Jordan,,,Jordan_FGC
Broshi,,He/They,Broshinendo
Pygment,Pygment,He/Him,
TheMoo,ヨホ,She/Her,TheMoo_spl
Wug,,Any Pronouns,Just_Wug
Gen_STORM1,,,General_STORM1
Oppai,,He/Him,OppaiOP_
Gumball Comics,,,Gumball_Comics
Hyphy,,,HyphyFalcon
luna つミ,,she/they,
Cogs,,,
fyi,,,fyissbm
Taterade,,he/him,taterade5000
Theresa,Los,She/Her,Los_Theresa
ICeless,,He/Him,ICelessSSB
Geo,,,
ddip,,,
airsign,,she/they,
Lily,,they/them,
Avrel,,She/Her,AvreltheTeller
SCents,VE,They/Them,TDT_SCents
G-Dawg,,,GDawg915
Mr.Newport,,,EP_MrNewport
Mr_Lee_O,,He/Him,MrLeeO4
Boston,,,
HEYU,,He/Him,CadeSchneider12
Christian Rock,,,
Buster,$L4L,,
Grandpa,,,GrandpaTrey
Jampy,,,
Hope,,,hope_spl
PeachFuzz,UTA,,PeachFuzz2366
GUESS MONSTER,,,
pekwek,,she/her,pekwek
Blue.Ramen,,,Blue_Ramen69
Shiny,,,ShinyPikmin
Dry,,,
supersizeme,,,
Magic Trumpet Man,MMG|CMR|SOAP,,MagicTrumpetMan
mthsmrtblnd,,,
Kasai,,She/Her,sleepy_Kasai
gimme hug,HUGS,,
Mr.Bugsy,,,Mrbugsy5
Lukewarm,,,Luke_warmer_
Beam,InC,,beam_spl
MiarioKart,,She/Her,MiarioKart
Rush,,He/him,
Samwise,LOTR,,
Hiyah,,,Hiyah_yes
Eclipse,,They/Them,Eclipse_Inkk
Astral,,They/Them,Astralmoon_n
ShyTy,,,
π4,,He/Him,
JointLock,,,
GlitchedCactus,,,GlitchedCactus
JeAl8a,$L4L,,JeAl8a
CptBob,KM,,CptBobDude
Taskbot,TC,He/Him,Taskbot_SSBU
Bungo,,,
TIImmy,,,
DJDon,DBE,He/Him,DJDon_SSBU
Pika,,,pikadave465
Barnard's Loop,Nebula,,LoopBarnard
PONG,,,
FrenchPastryDisease,,,CrimTucker
Li'l BRO,,,LilBRO40352475
nox,,,
radish,,,
jay,,they/them,tokkibada
AriZona,$L4L,,arizonabruh
rissa,CG,she/her,rissahi
No.,,,cobcon2
SirSkit,,He/Him,
WolfLinkX,SHC,He/Him,WolfLinkX
SkyeTheDemon,,They/Them,SkyeTheDemon
Crono,,,
Viroda,,,
Cott'n,,,
51Spitfire,,,51spitfire1
Satan,,,bscllysatan
Kay,,She/Her,kayleighkayy
Lock,,,Lockness__
jaye,OpTic Gaming,they/them,jayedtx
J-smash,,,john_palinkas
Weegee,WBN,He/Him,Weegee92
Nich,,He/Him,NichGank
Guile,,,
Luples,,He/They,Luples_
PYDAWALTUH,,,
silas,,,
Kamex,,He/They,kamex714
Chino,COIL,,
ike,AV,,ike_n_ike
Manu,,,manu_forreally
Street Rat,,,_streetrat
BroKen,,,BrokenSSB
Ulric,,,drap_w
NĘØ,pX,,
Stormy,(IT),,
Akaza,,,
Unibear,,,
Wii Lad (Hivan),,,HivanWiiLad
El Primo de Jiren,,,PeterRios24
SHADIC,,He/Him,SHADIC_
DADIC,,,_DADIC
Capt. Dorf,,,CaptDorf
BraveWT,,,Brave_SSB
Chipz Fuego,,,chipz_fuego
H Redgrave,UG,,
NM,,He/Him,NinStar123
Kick,,They/Them,kickballtorture
Adam,,,adamjohnman
Nice O,Red Sun,,
BonsaiWarrior,,,
Pollo,,,PahpiPollo
Take,PRX,,
Socktastic,,He/Him,tooSocktastic
Drewski,,,DrewskiRose
Tyuster,,,
Salt King,,,AmISalty_
yea h,,,
ViaCher,MG,She/ Her,
tsune,,he/him,
Woomy,IB,,
Nilla/Kris<3,,,
spennyd,VN,,
Orchard,,he/him,
Sodom,,,SarahhBank
Rose Mallow,ERG,She/Her,EagleRoseGaming
Lunatheweirdo,,They/She,Lunatheweirdo_
Geenie7,,,
RileyScott,,,
TheLaw562,LAWDO,,
cinnarin,,,
Axe,Tempo,,TempoAxe
Storm,,,
BigBrownBean,,,
Potato,,,
SPF_Dark,,,
Tezca,,,Tezca__
Skerzo,,He/Him,skerzo_
Goldie,,,
Nebula,,,
Director Moon,,,
Rut,BrockoSpotify,,BPRut
Moriya,,,
2Z,,,
Toast<3,,,ToastJustInTime
Princely_Crow,,they/them,princely_crow
TK,,,
Dright,,,ssbm_dright
Dububear,,He/Him,Dubupolarbear
ElevatedPotato,σ π,He/Him,
Kalon,,,
Sir Pawsies,,He/Him,SirPawsies
ShroomTaco,,,mushroomtaco
Lana,,she/her,
Red,,,
Chara,,He/Him,
StormHero,IR <>,,
SlackerT21,,,
Salt,TLOC,She/Her,Rennie0009
Arashi,,,Arashiisok
Sunny,,,
Sketchy,,,RonSketchy
yeenspeaks,LB,He/Him,yeenspeaks_
taurus,,they/them,1HPtaurus
RedAccentz,,,
subwhich,,She/Her,subwhich
Cheeky!,MG,she/her,laurrypants
Tcat,,,
Combo,,,ComboFGC
BallerBee,,He/Him,Baller__Bee
T1ger,,He/him,
FemboyFightingGames,TLOC,,
Smoke,TCE,,SmokeySide_SSBU
firefly,tobyfoxfan4000,He/Him,flyfirefIy
Minish,,,Minish_TX
MattR,AV,,
Scythe,,,Scythe_SSBU
Ponchers,6SM | FRKS,,Ponchers4444
Peels,,,
Samcool625,,He/Him,samsqrt
CapsuleCor,,,
ZedSS,,,
RoseOfBattle,,She/Her,roseofbattle
Kbot,,,Kbot_273
SBS,RoA,He/Him,SBSarizona
Daybreak,,They/Them,Daybrimz
chilis,Ego,,chilisSSB
HDC,,,hdcbdhbfgc
Lux,,,
GrandmaEmojis,,,
RatHole,,,MintagoFGC
HelloKello,,They/Them,HelloKelloArt
Sethibuns,DKS,,Sethibunss
Yahto.,,,Yahto1337
Imar,,,Imar_Tuba
Riley,,,BuffSplashdown
SammyB,bot9,,BuzzmunBooters
Okigoat,,,
Nemesis,,,nemesis_wpb
ninety,,,
Steorra,,She/They,
J12,,,12odriguez
Neato,,he/they,
Rencario,CC,,rencario
Gidy,PSG,,GidyTheGreat
WndrWllz,,,WndrWllz_
Gorilla,,,
Cyphr,Loyalty,,CyphrSsbm
william1,,,
AdoLia,,,
sexhaver,,,sexhaverSSBU
Nicknack,,,
Katy Parry,,He/They,katyparrygg
Newton,,,
Ray,DBQ|Ego|TXST,He/Him,ssb_ray
Cammy,CCI,They/Them,
Toast,,,
Shy,,,
Catgirl Businesswoman,,She/Her,MysticShavedIce
Verdant,,He/They,_VerdantWinds
Vimber,,,vimberssb
Bigfoot,,,kalimization
Spin,,He/Him,SirpoSpin
Suit,,,SuitX_X
HAYDEN,AD,,
Imperator,RLz/RICE,he/him,Imperator_SSBU
kneeil,Pride's Friend,,
PixelPoptart,SS,,
JAMA,,,JAMASmash33
Blossom,FrBz,,Blossom_SAS
Mage,,,
Boopy,,He/Him,
LPSvsS,Uh Huh,,
RuskiNurd,UT | EXE,,RuskiNurd
TzD,,,TzDssbm
Dali,,,
Gomon,,,
Koe,,,Koe_Fox
Smash Papi,,,Smashdaddy_SSBM
I-am-J3r1ch0,,,
Aido,,He/Him,
Pocket,,,heypikapocket
EmLo,DBE,He/Him,EmLo1256
ven,,,venason_
Shekolate,PhT,He/Him,Shekolate7
Enarmonía,,He/Him,Just_Say_En
Pelca,,,Pelca_
Talwyn,,She/Her,
Baljeet,,,baaljeeta
32Juanderful,,,32Juanderful
BabyDriver,,,
El Juanito,,,
ItsRod,,,
Alternis,ILMW,He/Him,noah_carraway
emdap,17A,,emdapr
Meester Tweester,,they/them,MeesterTweester
Yhsanave,LS,He/Him,Yhsanave
WhiteHusky,,,VVhiteHusky
Manko,X7L,,
Van Gogh,,,
Kero,OH,,trueKERO
LightningCam,TLOC,,LightningCam
honeydew,,,
DOMO,,,DOMO_MDVA
PSYCHOPATHIC PUFF,,,
R0Steve,NSBS,,
Isaac02,,,isaac02_bunny
Yonbon,,They/Them,
Sam,,,SimplySam_29
NSS-Six(#8622),,She/Her,MissPixiSix
Alto,,,
Crimmothy,,They/Them,
Costa,CC,He/Him,Costa_Gaming_
UndershirtMan,,,UndershirtM
rat,,,Leifrat
Cyan~,,,CyanYoshi4
Prandeez,,They/He,prandeez
Jonhy,AK,He/Him,JonhyFortnite
Rosemary,,He/Him,
ZAP,DJB,They/Them,ZAPChuuu
Angelbot,TBH,,Angelbot21
Lynx,,,punkycatsnake
Zatch,,,
Secrets,NB!,,MeilleurDrew
HoboJoe,,He/Him,HoboJoeFGC
Zohar,,,ShulkerZ1
Breaking Bad Fan 2001,,,GrimptheImp
Gem,,He/Him,Strati_Gem
Neko,:3,She/Her,
Claus06,,,Claussmash
Castle,MOB,He/Him,
spooncats,UT,,Spoon_Cats
Yat,,He/Him,yat_zip
Grayson,SE | FRKS,,GraysonTCD
Skitz,,he/him,skitzwahhh
Beastly,,,BeastlyDFW
Fox,,,
Tispai,,,Tispai
Zuta,IHGC,They/She,ZutaMac
Nekro,,,
Larpian,,,
Mr.Ping,Solar,,enriquescooby
SOCS,,He/Him,SOCS_18
OBT,,He/Him,
Nova,,,Nova1083_
Kazma,UTDe FRKS,,KingKazma87
DRF,,He/him,
TrashPanda,,She/Her,thatMacmaingirl
Pugi,,He/Him,Pugi_Masher
Fidel Stix,,,
Orex,BtB,He/Him,Orex_Ortiz
Coaster,,,
Chibi-Chibi,MG,,utsukusheep
Enduh,,,
Charted,,,xCharted_
sunlight,ucsd,,suwunlight
sauce,,They/them,
Skull Issue,,,
OceanOpal,,they/them,
Frosty!,,,CtrlAltDefrost
ψ buca,UCSD,,
Goat Child,,,goat_child_yo
CD_Woomy,,,
Mr Awesome,,,
tormi,,She/They,tormi__
KESS 2041,,,
SupaFern,,,SupaFern013
Mashy,,,
Wheelz,CC,,Costa_Gaming_
Axeman848,,,
Lix,,,
Shadow_PR,,,Shadow_PR_
Bonren,,,BonrenLOL
Cob,,,
Davy,UTA,,DavyDoesMC
MuteAce,26R,,MuteAce_
Sumer,,,SumerTSandMarth
The_GMeister,CMR,,The_GMeisterSSB
Negative,,He/They,NegativeInSalt
Gaarc,LVL2,,Gaarc
2SHIN,,,
Tortilla,,He/Him,rodrigo_corder0
Egsid,,He/Him,egsid111
Ryunn,,,EJYuTech
Water,,,
BullHall,SBG,,BulletHallow
Lunchables,,,
FATTY,,,
DeathDoc45 (DD),Deati,,
Mint,,,Mint__TP
Simon,,,Simon_SSB
Koga,EGO,,AaronMe31574937
Zefv,,,
Jard,,,jdigginit
Digital,,,
_SEBA_,,,Sin6SEBA
CatTheHun,,,CatTheHun2
Bozo,PRX,,
_trey5,DRiP,,VarunSiva20
My_K.O.,,,
Genesis,SHG,they/them,THEREALGENESIS8
Sh0rpe,,,Sh0rpe
EvanFrog,,,
Zurge?,ZFC MXC,,Im_Elgia
seauxlless,,She/Her,
Rhigeku,,,Rhigeku
Gunjoshi,Ego,,Gunjoshi2
Nerf_Lucio77,Persistence,He/him,
One Crit Man,,,OneCritMan
Jopan,,,JoeGuerra1026
JS Muddy,,,
correctten66,,,
Cysteen,,,
Miles Manners,,Any/All,MilesManners
Triton,,They/Them,TritonWaning
bran,,,
henlo,,,
RDEE,,,R_D_E_E
BlueTheRaptor,,,BlueTheRaptor77
David_iThicc,,,David_ithicc
BowserBoi44,,,
Samwise,,,
Admere,InC,,
DairBair,MG FRKS,,DairBair64
Blittz,,He/She/They,Jblittz
Ottozone,BSM,,
PGX,,,
fallen,,it/its,pivotjab
Michael D. Kiefer,,,obsessedwtjerma
Noble6Gabe,,,
baby dave!,,Him,babydave_ssb
Bagel,,,AngleBagel
OG Kid,,He/Him,ThatOriginalKi1
Grammy$$$,,He/They,
SparK,,He/Him,
Xerzal,Rectify,,Xerzal
DIO CREED,EGO x $L4L,He/She/They,DIOSAMASSBU
Scooby,,He/Him,
AploSpark,,they/them,
Redrum,,,RedrumSSBM
Pharaoh,MBS,He/Him,PharaohSSB
Champ,,He/Him,ChampSSBU
Jazzy G.,,They/Them,JazzzyGermosen
Keshi EBoy,MBS,,Syrup_nair
Justinbyleth,MBS,He/Him,justinbyleth
Velta,AK | PRNCSS,,VeltaTX
Slipperymilk,,,slipperymilk2
OlmiOP,,He/Him,OlmiOP
weebly,,she/her,
Wevans,,,
Stone,,,StoneSSBM
Velanova,,,Velanova06
JoJo,KM,He/Him,
EazyFreezie,UltRank,,EazyFreezie
half,,,
Konari,<3 | AK,He/Him,KonariTTV
SlaptheRat,,,grnbanjo
Jade,DMG,she/her,JadeOverlimit
Niko,,He/Him,Niko_SSBU
d0m,<3,,
Saint Absol,,,
Shiny,LVL 2,,
GuyGuyDad,,,
GuyGuy,,,Guyguy2169
astywasty,MR,,
Spritzy,,,AlwaysSpritzy
Ethab Taxi,,,EthabTaxi
Arkos,,,Arkosabi
Slowbeau,,,Slowbeau_
Penguin,AoN,,Anthonyyylmao
Jeckup,,,NotJeckup
Jamon,,,
Gimmicks,,,SpicyJacket
Rochon,,,OGRochon
Mom?,UNC,,
turbobob,,,
Takoyaki137,6SM,,TakoyakiFGC
CEO,Typhoon Gaming,,TyphoonCEO
Victini,,,
Prince Fai,,,PrinceFaisuka
Salti,,,
Rubric,PSG,,rubric62716509
Skrub,,,The_Skrub15
DaddySkrub15,,,The_Skrub15
LANKY FA LIFE,J.A.E.,,LankyFaLife
scorpion_queen,BUS,,
Piranha,Ivan,,GoodYTChannel
Mr.C,,,ChrisCum11
Olive,,,
Sen,,,SenFRFX
azelf,,She/they,
KayJetshadow,ACE,,
Ookie2Spooky,LVL 2,,Ookie2Spooky
WaterVapor,,,
Emma,PhT,She/Her,Emma_ssb
Pingo,WGL,,
Rambisco,,,
Onesy,,,
Dakpo,TLOC,,TheDakpo
Solitaire,,she/her,solitaiire__
Milamberking,,,
Ginth,,,GinthTX
Tavares,Argon,,TavaresTheMario
Momo,,,
merf,Argon,,merrff
astronomic#2561,,,
NecoConeco,,they/them,NecoConeco1312
Kite,,she/they,RiceKriispi
sloth,,,
Ang,O,,
Pickpickles,,,pickthepickpick
Soothsayer,,,
Kage,,He/Him,Kagesonic
X...,,,
EL FiNO,,,
StrifePlayz,UG|,,Strife_Playz
The 99th Gec,,He/Him,iDSW420
Tiger,Agent,,
PrazetheSunnyD,,He/Him,PrazetheSunnyD
hiphopfrogs,,,
Omega,,,
Chabo,,,
JoshDawg,,,
sewerperson,Ego,,sadghostxo
Shdaddy,,They/Them,
Yeetzma,,,
Angelic,,,AngelicSongx
Eel man,Gamer,,
Cheddar,,,CheddarSSB
Araknos,UG,He/him,
Ravioli,,,
Riddm,,,
Tension,,,
MikuWithAGun2,BIG SHOT,She/They,MikuWithAGun2
Solax,WYO,He/Him,BrentLambchop
Vesetnet,,,
Smirk,KRU,He/Him,smirkumcision
PipedreamDX,,They/He,PipedreamDX
Horseleg,,,Horseleg
Maister,LG,,Maister_SSB
Gilly,,,Gilly_ssbu
Garp,DEEZ,,bruh93016399
t0bi,LTE,,t0biSSB
balls27,DEEZ,,deezballs27
shoken,IC,,
Venth,,,
Karate Hottie,,,
Aloe,Golden Hour,they/them,
Tzar,,,
Eievue,,,eievue
Aeryn,MG | ds2,,bewaeryn
Rigz,,,RaiRigz
Jimmy',IŲ,He/Him,Jimmy30811
Eizan,,,
InoriAreList,CMR,,InoriArelist
Spam,,,
Mariposa,,,
inksplatters,,,
Curlz,,She/Her,Scion_Curlz
omni!,,They/Them,
Gatsby,PPA,,GreatGatsbySSB
Cisco,Bell's | AE,,Cisco_belle
Steam,,He/They/She,
Capitancito,,,Capitancit0
PTW,,he/him,pentagramswheel
Purge,,,
Hypercube,,They/them,
Spicy BM,MCH | BUZZ,He/Him,2SpicyBM
BOAT,,She/Her,Bromodachi
Navi,,,Navisay07
Voiden,,He/Him,
Puffles,TD,He/Him,PufflesJiggly
BIG FUNKY,,,
Oasis,,,Oasis_Senju
badgoblin,WhyDo,he/him,
El Cancel,UcG|TGE,,El_Cancel_
Junior,NTSC | BS,,JuniorRicoSSB
Yippity,[ħ],they/them,
BlackWolf,,She/Her,
Biscuit,,,
BÆsPapi,,,
Jem,,,
Cagt,RNG,He/Him,Cagt3000
Rosearrow,σ π,She/her,
Lamp,Lampgrass,,Lampgrass
Citrus,,,
That1Nerd,r|p,,SplatNerd27
vowels,,,
texas_7_drw,GMU/ILMW,He/Him,texas_7_drw
Kapzillion,,,
Rolf Gray,FC,he/him,11aaaaa1aaaaa11
meatsalad,MDE,reddit mod,beatsaladbeat
ToasT,NeM,,MommaToaster
MommaToaster,,,
StudZ,dT,,_Studz_
Pink,Tamu,,SsbuPink
Cast,,,castbros_
Squid,KRU/BH,,Josh46526446
Double D,USA,,DoubleDssb
SofaKing,шя,He/Him,SofaKingStream
wustin,,,WUSTlN
YAM,,,
kamuki,BP,,deluxeb0xx
Deltabolt,UT,He/Him,deltabolt_
poyo,Uh Huh,she/they,
take,bib-,,Takeshi7013
Sushi,,,
Auryn,,,
ice!,ice,,
Quickpixel,,,
izzy,,He/them,LtIzzz
Beluga,,,BelugaFGC
CMDRCamper,UM,,
Kynomite,,,
Sick,Gains,,
BSG,TLOC | WTE |,,
Snore,,,SnoreSmash
Slim_Java,,,slim_java_
orchid,,they/them,
Big Gay!,,,tranzpunk
Andriale,,,
Kahlium,,,
Equuelus,,,
RetroDad,,,
scottocaster,,,
Erock,,,
DarkAngel,TC,,DarkAngel_SSB
Nasu11910,Uh Huh,,
Garnt,,,
Ell,Uh Huh,,
propergander,,,Firemonkuu
NoFundies,,,
Sora,,,Sora30434272
Frenzy,,,
SJGarnet,,,SJGarnet_
Mort,,He/Him,snikanairb
ALTERNA,,he/him they/them,
SignificantMaybe,,,
Skinny the Pooh,,,Skinny_The_Pooh
KingKittan,UG,He/Him,KantiSSBU
ivy,,,litwick400
DvDoh?,NLA,Any/All,DvDebauchery
<-iMAD-<<,,,
Orion,Orion,,
PicklesPlease,Nom2Kingdom,,
Aeroblazer,,,
z3,MG,,z3_ggs
Eon3000,,,
Gypsypsycho,AK,,Gypsypsyco
Black_Screen,,,Zombieflopcario
Meek,,,Meek_SSB
ThereItIs,WSU,They/Them,
Gamerdog,WSU l MXC,,GamerdogSSB
Justyce,,He/Him,JustyceBriney
SkweeGee,WSU,,skweegee13
Linny,WSU,He/Him,PSLinny
holo,TAMUSA,,
Abraham Lincoln,,She/They/He,
DreamCastle,Ego | ΩR |,,DreamCastle_629
Umbre,,,Bikutini93
drey,,,drey_8751
NaXEthan,LG,he/him,NaXEthan
galaxyroyaltea,,they/he,
amigo,LG,,
Berny,UT,,
gbear,,little/mac,gbeawrr
Crown,TLOC,She/Her,CrownGFX__
gremliin,XPRO,she/her,gremliinSSB
ApolloKage,wG,He/Him,ApolloKage
BRICNIC,,,_nickthebrick
:P weem.,,he/they/it,
Neutral,WG/nRo,He/Him,OfficialNeutral
ThorDoni,,,
Kam,KND,,
belac,CV,,__belac__
Gumbolaya,,,
ETossed,ETF,He/Him,etossed
Flash Midnight,,,
katharine,,,
Derardo,,,Juanoderardo
CptMarvel,,,h20CptMarvel
Yuse,YC,,Yuse_less
FalseGods,失恋,,
SnowySprig,CCI,They/Them,
Naysaya,,He/Him,jbkira10
2MuchPlasma,,He/Him,
Strife,SMB,,PmhItz
Cosmos,26R,,CosmosZR
Daveid,,,Daveidjb
Lunariiis,,,
Shyguy_Z,PMP,,shyguyking
MB,,He/him,M_B_Newman
Sly,,,Sly_Guy23
SSJINCAN,,,
Usagi,,,U5agi_Mari
AZ,,He/Him,
migz,,he/him,
Emertxe,CRG,,
Skeleton,,,imskeleton_
UncleMarcy,,He/Him,MarceloWasTorre
PattyFowl,,,
David,,,phox_g
fudge,,,
LRoot,UT,,
Elder Reebs,,,
Mj,TAMUSA,,SoulEater123Mj
PiCPAC,TAMUSA,,
KAMI_ren!,TAMUSA,,
Papajohn,TAMUSA,,
FoxyGrandpa,TAMUSA,,
Fuan Gutters,,,
Thick Pigeon,TAMUSA,,
Kwaz,,,TheMacgician
Rainy22,,,Rainbowarcher22
CHIMPANCENZUKO,DNY,,chimpancenzuko
KFox,,,KFoxTN
CamoCat,SHG,he/they/she,
JaySon,,,
Shigura,Ego,He/Him,TShigura
ZiggyGranbell,,,
sleep,NARX,,
TaloHalo,SAGU,,TaloTheHalo
Katsu,XPRO | DBQ,,KatsuVal
Littlefoot,CFH,,
Chavez,,,xChavez115
Repeat,,,
Faction,,,
JoGo,,,gojosiahgo
LeoNine,,He/Him,DexLeonine
Colress1248,,,colress1248
FcMajor,,,
RobbieJL,,,
Hormiga,,,
Venator,SA,,
Kuronuma,TD|DBQ,,DiverDiva_
Majersk,,,Majersk21
Sergio,AK,He/Him,SergWFT
OPFrank,,,OPFrank92
BETA,VH,,BETA_RGV
Sailor!,SE,,MerryBeeSmash
TVBen,,He/Him,TVBen3
Gold,,,FightingGoldd
RetroBusterZX,TC,,
Robber,CSU,,toxic_zoomerboi
Doom,,,doomosi
karnellboys,,,
Ober,,,oberssbm
Superberry,Frost|Krune,,ESuperberry
Juice,,,venason_
pinkmilk,,,
Kale,,,
Howdy,,,
Prof. Z,PZ,,
granty,,,
Boing!,DL,He/Him,farticlez
Mateo420,,,
PanDu1ce,,,
spotdodge/upthrowrest me,,He/They,CrispBit
Dolphin,1U,,
Passion,PRINCESS,,
Volume,YFU,He/Him,VolumedAF
burnoutclub,,He/Him,
Ikazuchi,RVNT,He/Him,IkazuchiCat
StrawberryW,,She/Her,StrawberryWah
Rest,,He/Him,AlexOrRest
Kaiki,,,
Soup,,,
Noostnop,254,,noostnop
Names,,,
Fable,,,FableSSB
Will Pickles,,,willpicklesmash
ZeldaFool,,,
SadSack,KB,,
Ashikabi,MEKA,,Ayy_Ashikabi
Aubury,,,AuburyRC
noxd,,,noxd__
Chikin,,,ChikinTX
Pope,T-M8,,
ObiNation,ds2,He/Him,obi_nation
Wubbs,,,
Fury,Me,,
Demon,,he/him,
Cyclops,,,
realgray,,,beanad12
RaphayL,,,LRaphay
Teaser,,he/him,teaser303
Knux,zxcv,,lying_punk1
PCJR,OC,,PCJR_OC
Jingles,,They/Them,
Kayeetle,,,
Spekterr,,,
Para!!,,,pianoducks
Ren,,He/They,
CRUZ,PSG,,Crxz77
XZero217,,,
SPEGGG,OC,,
yisah,OC,,yisah_art
BrainDead,OC,,
Regigigas,,,
Av0ry,,He/Him,Av0ry___
BluOctNurs,,,
NiKrOoL,,,
prof,,,prof_GALE01
lunar magic,,,
Kalvar,,,SsbmKalvar
M4s0nCl4rk,,,MClark235
satanbacon,,She/They,
ARR0W,,,
MIS3RY,,He/Him,
leechy,,,
Nabbito,,,
Hyruler,,,pabloesparg
Buster651,,,
Chronos,LTE,,Chronos_Carried
Moose,,He/She/They,MooseTheSauce
Anomaly,PSG,,
Arc,,,
Rakai,,He/They,RakaiKT
harthunter,,,
Oracle,,,
Kheels,,,
Mekk,SHDJ,,ssbMekk
RaptorLord,DTW,,RaptorLordJR
Keeby,,,Keeby04748942
epicjojo,,,
Myxen,IU,,_Rugged
Oswald,,,OswaldTheHelix
Jay,J,,
Nox,,,
Entropy,MN.GG,,XCadril
BulldogTRS,UT,,
TigerBoi,,,imkillinyou
Magi,sigh,she/her,SSBMagi
rabit!,,He/Him,ssbmplayer99777
shwang,,She/They,shwaung
>>Fluxxish>>,,,
Coyote,WoCo,He/Him,CR_Coyote_
Mobius F.,,,MyMainManMario
LORDKING,,,
Yook,,,
Papadorf,,,
Autumn,,He/Him,
VanguardL2003,VanL,,
safe,,He/Him,safe_centar
Julzz,LIQUID,,liquidjulzz
Ultimate,Ego,He/Him,ultimate17ss
Not Thor,,,MaybeNotThor
Kobe,NVR,,Kobessb
Denti,TLOC,,Dentissb
Alarmed Mantis,,,
Jakobi,,,JakobJeter
Sketch,SHDJ,,
Simsamiza,,,Sigh__Borg
miso1soup,,,
librarianbanana,,,
Jebsta16,,,
49er,C:/,,Miner_49er_
Sozin,,,
Viper__,,,
Hypergenix,,,
Lucrezi,PSG,,
Dr. Lion78,,,
NBound,,,nbound_
CyberWaluigi,,,
Squishyy,,,
Arashi,Slime,He/They,ArashiVII
manintheplanet,,,bprendergast85
BAY (STEVE PICKS),,,
JacelliaHan,,,
Psychicskeve,,,psychicskeve
Poison,,,MichaelZoephel
Kambo,MXC,,
Megafox,PSG,,
winds,DBE,He/They,WindsSSB
SDJ,TLOC,,SDJ_SSBM
Riah!!,,He/Man,
Junkie!,`,He/Xe,
Lord Knight,bc,,LordKnightBB
romance,,she/her,
Vyrus,SMB,,Vyrus_Unleashed
sativa,,she/they,sativa
dav3,,,
Safety,,,
ABCFP2CarriesMe,,,alexzanderking9
alley cat,,,
Skyjay,,,Skyjay2301
invisible_luigi,,,invisible_luigi
Alta,,,
mxr,,,
Wind,,He/Him,
Certly,,,imcertly
BIG PINK,,He/Him,PrinceKawaii
Mirai,Ika,,_MiraiSpl
NapTime!?,,,naptimehtx
Prime,LS,,EPrimeLA
ninjadertle,,,
panny,,,pannyandreuu
RJ,,,RJ_Smash1738
Osire,SBG,,OsireSSBU
Hiei,Ego,they/them,BryansMovie
>Shinkud0<,,,
gek (TISSS),CMS | LS | TCE,It/death,gekskol
Jayce,,He/Him,jaycegmiller
BooBoo,,,
katienoelle,TLOC,She/They,katienoeIIe
GhettoOtaku,,,ghetto_otaku
Shenny,,,
NinjaSmokey,IŲ,,
Jeth,USF,He/Him,JethFlaco
gpie,,,g_pie_
MrWrigh,KBM,He/Him,MrWrigh_SSBU
Temptation,,,TemptationFL
Krooked,,,Krooked777
Adam,,,adam_spl
ktraw2,,,
Kapus,,,Jessikapus
Chrissy96,GDN,He/Him,Chrissy9610
乂丨ㄥㄥ丨ㄖ几,TLOC,,TPMXillion
Amethyst,,She/Her,
SongshuPoi,,,
Drays Winters,NTSC,,
Amy!,,She/Her,
Wokesatan,,,cquickchange
lloD,,,lloD74
Dangeraffe,VH,,The_Dangeraffe1
DarkGenex,,,DarkGenex
Mervis,TLOC,,
DF8,,,SSB_DF8
ROYALE,,,
Dr. Booty,,,
ChucklesTheCheat,KB,,
c-rod,LB,,con21rod
reesesmuff,,,
cristiano,WTE,,CristianoLuna5
Zorn,NSBS,,
mewstoise,NSBS,,
Botheryounot,NTSC,,botheryounot
LtWaffle,,,Lt_Waffle
OMJ,FG,She/Her,omj2tatu
Gloria!!!,,He/they,GloriaSSBU
Bluprint4,,,
CMR STUFFY,,,
Lenavity,,She/her,
RUSE,DBTC,,rusesnooze
Box,,,
SoLuck,NARC,,itsSoLuck
TechEffects,,,
malachite,,,
Caleb,,,
Pillow,,,PillowSsb
G00se,,,
xMARx,,,xMARxDoofLord
Red,,,
Angel666,,They/ Them,
Holo,TLOC,,TILTEDandHOLO
Rickles,,,ricklesTV
Suneater,,,
luigit0ilet,,,luigit0ilet
Doofus,,,blahfus
Haunter,,,haunter76
Wafer,,,
Justus,PULSE,,JustusXYZ
swords_tip,,,
Navs •-•,,,Navs_Sergio
Renegade,,,
NAT,,,rNatFaust
Seven,,,
CMC%,,,
mo;,,,iteachmathclass
Pillar,,She/They,theactualpillar
ThaRuffProphet,STG,He/Him,tharuffprophet
aurorasksk,,,aurorasksk
Maui,,,
mas gato,5'9,she/her,krfunkle
Maximus,,,
KatsuBunni,,,
SHDJ | Plue,,,
Vxnm,TOX!,,Vxnm_
n3zModGod,TNC,,
AcaiChai',,,
BattleBoy,OC,,1bigike1
Thrillho,TLOC,He/Him,Thrillho22
NWA Danbi,PvE,,nwaDanbi
CapK,,,
Numm,SI,,
branfl,bg,,
Coltol,,,Coltol_
Horse,,,
MischievousFae,Fae,,
Emerae,CS3,She/Her,
Waffu,CS3,He/Him,Waffunaut
fredo,,,breakssb
Sibl,,,SiblChan
Comona,TLOC,They/Them,ThatComona
BrushStrokes,,he/him,brushstrokesspl
OhNoJC,Jaycee,,heytherejc
HowToCantaloupe,,,
avacado,,,
Goxu,,,Godawfulgoxu